odorant,strength
phenethyl alcohol,0.14982682466506958
benzyl alcohol,0.13968375325202942
