{
  "odorant_name": "benzaldehyde",
  "receptor_activations": {
    "ac1A": 0.07629921287298203,
    "ac1B": 0.15253101289272308,
    "ac2A": 0.06580420583486557,
    "ac2B": 0.05317086726427078,
    "ac3A": 0.10628025978803635,
    "ac3B": 0.38964420557022095,
    "ac4": 0.1113177165389061,
    "Or1a": 0.08529742062091827,
    "Or2a": 0.0554172657430172,
    "Or7a": 0.5761830806732178,
    "Or9a": 0.29193273186683655,
    "Or10a": 0.27373501658439636,
    "Or13a": 0.10476530343294144,
    "Or19a": 0.15347446501255035,
    "Or22a": 0.18258844316005707,
    "Or23a": 0.008585161529481411,
    "Or30a": 0.5971810221672058,
    "Or33a": 0.012794612906873226,
    "Or33b": 0.04373481497168541,
    "Or33c": 0.19549578428268433,
    "Or35a": 0.3086755871772766,
    "Or42a": 0.13774417340755463,
    "Or42b": 0.1002533808350563,
    "Or43a": 0.22944694757461548,
    "Or43b": 0.15154710412025452,
    "Or45a": 0.11970909684896469,
    "Or45b": 0.777292788028717,
    "Or46a": 0.14572517573833466,
    "Or47a": 0.11323636025190353,
    "Or47b": 0.12894763052463531,
    "Or49a": 0.007022408302873373,
    "Or49b": 0.1352207362651825,
    "Or59a": 0.04419133439660072,
    "Or59b": 0.028101876378059387,
    "Or59c": 0.05295022204518318,
    "Or65a": 0.020143257454037666,
    "Or67a": 0.4698804020881653,
    "Or67b": 0.7455675601959229,
    "Or67c": 0.037148188799619675,
    "Or71a": 0.055610302835702896,
    "Or74a": 0.11323968321084976,
    "Or82a": 0.036221083253622055,
    "Or85a": 0.07011190056800842,
    "Or85b": 0.13462123274803162,
    "Or85c": 0.0996440127491951,
    "Or85d": 0.14254064857959747,
    "Or85e": 0.2644927501678467,
    "Or85f": 0.16324803233146667,
    "Or88a": 0.05003555491566658,
    "Or92a": 0.04201586917042732,
    "Or94a": 0.12408999353647232,
    "Or94b": 0.039742425084114075,
    "Or98a": 0.1434188336133957,
    "Gr21a.Gr63a": 0.22445043921470642,
    "ab2B": 0.012277928180992603,
    "ab4B": 0.022954866290092468,
    "ab5B": 0.040921907871961594,
    "Or69a": 0.14619164168834686,
    "ac1": 0.2475130409002304,
    "ac2": 0.1387755125761032,
    "ac3_noOr35a": 0.13211975991725922,
    "ac1BC": 0.017461197450757027,
    "ac2BC": 0.024433931335806847,
    "Or83c": 0.2764976918697357
  },
  "spatial_points": [],
  "total_cells": 0
}