{
  "odorant_name": "ethyl butyrate",
  "receptor_activations": {
    "ac1A": 0.02089601755142212,
    "ac2A": 0.05240154266357422,
    "ac3A": 0.07206013798713684,
    "ac3B": 0.17486071586608887,
    "ac4": 0.045758701860904694,
    "Or1a": 0.010662177577614784,
    "Or2a": 0.0733211413025856,
    "Or7a": 0.07060856372117996,
    "Or9a": 0.3845832049846649,
    "Or10a": 0.07644886523485184,
    "Or13a": 0.18860898911952972,
    "Or19a": 0.21980984508991241,
    "Or22a": 0.48633837699890137,
    "Or22b": 0.0036231884732842445,
    "Or23a": 0.06381223350763321,
    "Or30a": 0.022708361968398094,
    "Or33b": 0.14478124678134918,
    "Or35a": 0.3830728828907013,
    "Or42a": 0.8207380175590515,
    "Or42b": 0.5266933441162109,
    "Or43a": 0.18651464581489563,
    "Or43b": 0.7162293791770935,
    "Or45a": 0.14961859583854675,
    "Or45b": 0.04353867843747139,
    "Or47a": 0.3076421320438385,
    "Or47b": 0.15819203853607178,
    "Or49a": 0.07008124887943268,
    "Or49b": 0.04575887694954872,
    "Or59a": 0.06038994714617729,
    "Or59b": 0.11999129503965378,
    "Or59c": 0.34930768609046936,
    "Or65a": 0.03824009373784065,
    "Or67a": 0.3303163945674896,
    "Or67b": 0.06755243241786957,
    "Or67c": 0.43065088987350464,
    "Or71a": 0.07619094848632812,
    "Or74a": 0.04640861973166466,
    "Or82a": 0.0468304306268692,
    "Or85a": 0.4680057168006897,
    "Or85b": 0.2737470269203186,
    "Or85c": 0.177377387881279,
    "Or85d": 0.11003760993480682,
    "Or85f": 0.10696166753768921,
    "Or88a": 0.03787141293287277,
    "Or92a": 0.16933377087116241,
    "Or94a": 0.033083755522966385,
    "Or94b": 0.06368159502744675,
    "Or98a": 0.2698625326156616,
    "Gr21a.Gr63a": 0.17687858641147614,
    "ab2B": 0.28314319252967834,
    "ab4B": 0.189345583319664,
    "ab5B": 0.06581345945596695,
    "ac1": 0.2673863470554352,
    "ac2": 0.19591836631298065,
    "ac3_noOr35a": 0.17720824480056763,
    "ac1BC": 0.031688839197158813,
    "ac2BC": 0.01931973360478878,
    "Or83c": 0.13824884593486786
  },
  "spatial_points": [],
  "total_cells": 0
}