{
  "odorant_name": "linalool",
  "receptor_activations": {
    "ac4": 0.07724432647228241,
    "Or2a": 0.0911392793059349,
    "Or7a": 0.09400895237922668,
    "Or9a": 0.09434964507818222,
    "Or10a": 0.052705246955156326,
    "Or13a": 0.24380970001220703,
    "Or19a": 0.3616315722465515,
    "Or22a": 0.16535747051239014,
    "Or23a": 0.025755485519766808,
    "Or33b": 0.13898679614067078,
    "Or35a": 0.14570431411266327,
    "Or42b": 0.009466767311096191,
    "Or43a": 0.06614479422569275,
    "Or43b": 0.00520717678591609,
    "Or47a": 0.093116395175457,
    "Or47b": 0.1639186441898346,
    "Or49b": 0.06388901174068451,
    "Or59b": 0.009574181400239468,
    "Or65a": 0.06605763733386993,
    "Or67a": 0.1828855276107788,
    "Or67b": 0.06138434633612633,
    "Or67c": 0.053534723818302155,
    "Or82a": 0.052244216203689575,
    "Or85a": 0.015717005357146263,
    "Or85b": 0.22798295319080353,
    "Or85f": 0.04832829162478447,
    "Or88a": 0.05210719630122185,
    "Or92a": 0.023677920922636986,
    "Or98a": 0.48249852657318115,
    "ab4B": 0.3039511442184448,
    "ab5B": 0.030999185517430305,
    "Or69a": 0.7162162065505981,
    "ac1": 0.27641966938972473,
    "ac2": 0.1428571492433548,
    "ac3_noOr35a": 0.19713106751441956,
    "Or83c": 0.07834101468324661
  },
  "spatial_points": [],
  "total_cells": 0
}