{
  "odorant_name": "1-hexanol",
  "receptor_activations": {
    "ac1A": 0.09000788629055023,
    "ac1B": 0.10023466497659683,
    "ac2A": 0.023059848695993423,
    "ac2B": 0.023631496354937553,
    "ac3A": 0.1809448003768921,
    "ac3B": 0.7673150300979614,
    "ac4": 0.07416657358407974,
    "Or1a": 0.07818929851055145,
    "Or2a": 0.1492549628019333,
    "Or7a": 0.16472235321998596,
    "Or9a": 0.335822731256485,
    "Or10a": 0.07109995931386948,
    "Or13a": 0.5996508002281189,
    "Or19a": 0.35191330313682556,
    "Or22a": 0.2578656077384949,
    "Or22b": 0.06159420311450958,
    "Or23a": 0.21728023886680603,
    "Or30a": 0.04314090684056282,
    "Or33a": 0.029854096472263336,
    "Or33b": 0.02171582728624344,
    "Or35a": 0.7896916270256042,
    "Or42a": 0.4785080552101135,
    "Or42b": 0.22679953277111053,
    "Or43a": 0.5463420152664185,
    "Or43b": 0.3472312390804291,
    "Or45a": 0.3099026381969452,
    "Or45b": 0.11113128066062927,
    "Or47a": 0.1730944812297821,
    "Or47b": 0.07427651435136795,
    "Or49a": 0.14337703585624695,
    "Or49b": 0.07316139340400696,
    "Or59a": 0.04419133439660072,
    "Or59b": 0.06932812184095383,
    "Or65a": 0.08090363442897797,
    "Or67a": 0.3041039705276489,
    "Or67b": 0.7923488020896912,
    "Or67c": 0.19740630686283112,
    "Or71a": 0.14895913004875183,
    "Or74a": 0.42014655470848083,
    "Or82a": 0.06878209114074707,
    "Or85a": 0.5211086273193359,
    "Or85b": 0.6565770506858826,
    "Or85c": 0.6799081563949585,
    "Or85f": 0.2394087016582489,
    "Or88a": 0.08881223946809769,
    "Or92a": 0.07799901813268661,
    "Or94a": 0.12922921776771545,
    "Or94b": 0.10421259701251984,
    "Or98a": 0.45802465081214905,
    "Gr21a.Gr63a": 0.07423410564661026,
    "ab2B": 0.24354328215122223,
    "ab4B": 0.04321423918008804,
    "ab5B": 0.06356251984834671,
    "ac1": 0.25835302472114563,
    "ac2": 0.2489795982837677,
    "ac3_noOr35a": 0.1357436180114746,
    "Or83c": 0.15668202936649323
  },
  "spatial_points": [],
  "total_cells": 0
}