{
  "odorant_name": "3-octanol",
  "receptor_activations": {
    "ac4": 0.07252106815576553,
    "Or1a": 0.12794612348079681,
    "Or2a": 0.18097543716430664,
    "Or7a": 0.057294201105833054,
    "Or10a": 0.1697278618812561,
    "Or13a": 0.6584008932113647,
    "Or19a": 0.4738590717315674,
    "Or22a": 0.42182445526123047,
    "Or30a": 0.03471529483795166,
    "Or33a": 0.029854096472263336,
    "Or33b": 0.019904756918549538,
    "Or33c": 0.19875404238700867,
    "Or35a": 0.5156872868537903,
    "Or42a": 0.17616680264472961,
    "Or42b": 0.11424559354782104,
    "Or45a": 0.2517912685871124,
    "Or45b": 0.04353867843747139,
    "Or46a": 0.00038369197864085436,
    "Or47a": 0.5200097560882568,
    "Or47b": 0.1382276564836502,
    "Or49a": 0.11510653048753738,
    "Or49b": 0.07798968255519867,
    "Or59a": 0.1316891312599182,
    "Or59b": 0.04608084633946419,
    "Or59c": 0.2394716590642929,
    "Or67a": 0.3438507616519928,
    "Or67b": 0.17424631118774414,
    "Or67c": 0.07099901139736176,
    "Or71a": 0.04004587233066559,
    "Or74a": 0.06857229024171829,
    "Or82a": 0.08132439851760864,
    "Or85b": 0.7412266135215759,
    "Or85c": 0.8750651478767395,
    "Or85d": 0.4156709909439087,
    "Or85e": 0.14855071902275085,
    "Or92a": 0.014939502812922001,
    "Or94a": 0.02105989120900631,
    "Or94b": 0.1420762687921524,
    "Or98a": 0.6073070168495178,
    "Gr21a.Gr63a": 0.1296224743127823,
    "ab2B": 0.04322846233844757,
    "ab4B": 0.30592769384384155,
    "ab5B": 0.2381962090730667,
    "Or69a": 0.7407862544059753,
    "ac1": 0.2167997509241104,
    "ac2": 0.23265306651592255,
    "ac3_noOr35a": 0.15518829226493835,
    "Or83c": 0.12442396581172943
  },
  "spatial_points": [],
  "total_cells": 0
}